id_utilisateur,nom,prenom,type_utilisateur,nb_abonne,nb_abonnement,commentaire
1,Reilinger,Edyth,association,1,3,ok
2,Brimley,Terry,salle de concert,1,4,Praesent id massa id nisl venenatis lacinia. Aenean sit amet justo. Morbi ut odio.
3,Sparks,Johanna,groupe,1,1,Donec diam neque ultrices vel augue.
4,Chesshyre,Cherie,personne,1,1,Proin eu mi. Nulla ac enim.
5,Swenson,Philippe,groupe,1,1,Maecenas leo odio condimentum id luctus nec molestie sed.
6,Viney,Shepard,salle de concert,1,1,Fusce posuere felis sed lacus. 
7,Foltin,Leroy,groupe,1,1,Cras mi pede malesuada in commodo vulputate justo.
8,Dunguy,Eolande,personne,1,1,Duis bibendum felis sed interdum venenatis turpis enim blandit in porttitor pede justo eu massa. Donec dapibus. Duis at velit eu est congue elementum.
9,Trewinnard,Erin,salle de concert,1,1,Donec diam neque vulputate ut. Vestibulum ante ipsum primis in faucibus orci luctus et ultrices posuere cubilia Curae magna vestibulum aliquet ultrices sit amet lobortis sapien sapien non mi. Integer ac neque.
10,Gosart,Pierson,salle de concert,1,1,Nullam porttitor lacus at turpis. Donec posuere metus vitae ipsum. Aliquam non mauris.
11,Brignall,Chance,personne,1,1,Duis consequat dui nec nisi volutpat eleifend. Donec ut dolor. Morbi vel lectus in quam fringilla rhoncus.
12,Delagnes,Benedicta,salle de concert,1,1,In congue. Etiam justo. Etiam pretium iaculis justo
13,Lawler,Claudell,association,1,1,Donec diam neque vestibulum eget ultrices vel augue. Vestibulum ante ipsum primis in faucibus orci luctus et ultrices posuere cubilia Curae magna vestibulum aliquet ultrices.
14,Colvill,Townie,personne,1,1,Praesent id massa id nisl venenatis lacinia. Aenean sit amet justo. Morbi ut odio.
15,Bohlin,Kimble,groupe,1,1,Maecenas tristique est quam pharetra magna ac consequat metus sapien ut nunc. Vestibulum ante ipsum primis in faucibus orci luctus et ultrices posuere cubilia Curae; Mauris viverra diam vitae quam. Suspendisse potenti.
16,Hrynczyk,Annamaria,groupe,1,1,In hac habitasse platea dictumst. Etiam faucibus cursus urna. Ut tellus.
17,Tichner,Pia,groupe,1,1,Maecenas tristiquea ac consequat metus sapien ut nunc. Vestibulum ante ipsum primis in faucibus orci luctus et ultrices posuere cubilia Curae.
18,Simonyi,Kristen,personne,1,1,Nam ultrices nulla pede ullamcorper augue a suscipit nulla elit ac nulla. Sed vel enim sit amet nunc viverra dapibus. Nulla suscipit ligula in lacus.
19,Bodleigh,Bren,personne,1,1,Praesent id massa id nisl venenatis lacinia. Aenean sit amet justo. Morbi ut odio.
20,Paxman,Laurel,salle de concert,1,1,Duis bibendum felis sed interdum venenatis in porttitor pede justo eu massa. Donec dapibus. Duis at velit eu est congue elementum.
21,Clooney,Shawn,association,1,1,Curabitur in libero ut massa volutpat convallis. Morbi odio odio interdum eu.
22,Von Oertzen,Milly,personne,1,1,Integer tincidunt ante vel ipsum. Praesent blandit lacinia erat. Vestibulum sed magna at nunc commodo placerat.
23,Manton,Easter,association,1,1,Maecenas tristique est et tempus semper ac consequat metus sapien ut nunc. Vestibulum ante ipsum primis in faucibus orci luctus et ultrices posuere cubilia Curae Suspendisse potenti.
24,Thiem,Roley,salle de concert,1,10,In quis justo. Maecenas rhoncus aliquam lacus. Morbi quis tortor id nulla ultrices aliquet.
25,Skyrme,Riane,groupe,1,1,Morbi non lectus. Aliquam sit amet diam in magna bibendum imperdiet. Nullam orci pede venenatis non tincidunt eu felis.
26,McGuire,Janie,groupe,1,1,Mauris enim leo rhoncus sed turpis. Integer aliquet massa id lobortis convallis vel accumsan tellus nisi eu orci.
27,Lidell,Dagmar,personne,1,1,Praesent blandit. Nam nulla. Integer pede justo pede.
28,Richten,Jenni,groupe,1,1,Lorem ipsum dolor sit amet consectetuer adipiscing elit. Proin risus. Praesent lectus.
29,Bisatt,Marcela,salle de concert,1,1,Aenean fermentum. Donec ut mauris eget massa tempor convallis. Nulla neque libero eleifend luctus nibh.
30,Denk,Hadrian,salle de concert,1,1,Aliquam quis turpis eget elit sodales scelerisque. Mauris sit amet eros. Suspendisse accumsan tortor quis turpis.
31,Myton,Mignon,personne,1,1,Praesent id massa id nisl venenatis lacinia. Aenean sit amet justo. Morbi ut odio
32,Lathwood,Bradly,salle de concert,1,1,Aenean fermentum. Donec ut mauris eget massa tempor convallis. Nulla neque libero convallis eget  nibh.
33,Morriarty,Jackie,salle de concert,1,1,Duis aliquam convallis nunc. Proin at turpis a pede posuere nonummy. Integer non velit.
34,Runge,Karolina,groupe,1,1,Cras non velit nec nisi vulputate nonummy. Maecenas tincidunt lacus at velit. Vivamus vel nulla eget eros elementum pellentesque.
35,Deverale,Flory,personne,1,1,Nulla ut erat id mauris vulputate elementum. Nullam varius. Nulla facilisi.
36,Mathiasen,Krista,association,1,1,Sed ante. Vivamus tortor. Duis mattis egestas metus.
37,Hans,Ariadne,groupe,1,1,Praesent blandit. Nam nulla. Integer pede justo tincidunt eget pede.
38,Longfield,Bili,salle de concert,1,1,Duis consequat dui nec nisi volutpat eleifend. Donec ut dolor. Morbi vel lectus in quam fringilla rhoncus.
39,Lambswood,Ryon,groupe,1,1,In quis justo. Maecenas rhoncus aliquam lacus. Morbi quis tortor id nulla ultrices aliquet.
40,Hallwood,Olly,personne,1,1,Duis bibendum. Morbi non quam nec dui luctus rutrum. Nulla tellus.
41,Bramer,Henrieta,personne,1,1,Sed ante. Vivamus tortor. Duis mattis egestas metus.
42,Hellard,Pattie,association,1,1,Praesent blandit. Nam nulla. Integer pede justo lacinia eget pede.
43,Rands,Evelina,personne,1,1,Curabitur gravida nisi at nibh. In hac habitasse platea dictumst. Aliquam augue quam lorem.
44,Fone,Kristal,groupe,1,1,Aliquam quis turpis eget elit sodales scelerisque. Mauris sit amet eros. Suspendisse accumsan tortor quis turpis.
45,Crawshaw,Arte,personne,1,1,Duis bibendum. Morbi non quam nec dui luctus rutrum. Nulla tellus.
46,Wellsman,Carl,salle de concert,1,1,Phasellus in felis. Donec semper sapien a libero. Nam dui.
47,Curlis,Marcellus,salle de concert,1,1,Maecenas ut massa quis augue luctus tincidunt. Nulla mollis molestie lorem. Quisque ut erat.
48,Jon,Paloma,personne,1,1,Phasellus sit amet erat. Nulla tempus. Vivamus in felis eu sapien cursus vestibulum.
49,Upjohn,Obadias,association,1,1,Curabitur gravida nisi at nibh. In hac habitasse platea dictumst. Aliquam augue lorem.
50,Hasted,Oralie,personne,1,1,In quis justo. Maecenas rhoncus aliquam lacus. Morbi quis tortor id nulla ultrices aliquet.
51,Habble,Brian,personne,1,1,Cras mi pede imperdiet et justo. In blandit ultrices enim. Lorem ipsum dolor sit amet consectetuer adipiscing elit.
52,Cassam,Denys,personne,1,1,Suspendisse potenti. In eleifend quam a odio. In hac habitasse platea dictumst.
53,Ogbourne,Alfreda,salle de concert,1,1,In hac habitasse platea dictumst. Etiam faucibus cursus urna. Ut tellus.
54,Kinmond,Ruth,association,1,1,Etiam vel augue. Vestibulum rutrum rutrum neque. Aenean auctor gravida sem.
55,Skeete,Tracie,salle de concert,1,1,Cras mi pede malesuada in commodo vulputate justo. In blandit ultrices enim. Lorem ipsum dolor sit amet elit.
56,O'Corr,Riane,association,1,1,Donec diam neque vestibulum eget augue. Vestibulum ante ipsum primis in faucibus orci luctus et ultrices posuere cubilia Curae; Donec erat tortor sollicitudin .
57,Brinkworth,Abey,groupe,1,1,Quisque id justo sit amet sapien dignissim vestibulum. Vestibulum ante ipsum primis in faucibus orci luctus et ultrices posuere cubilia Curae sollicitudin ut eros.
58,Quainton,Olivia,personne,1,1,Nullam porttitor lacus at turpis. Donec posuere metus vitae ipsum. Aliquam non mauris.
60,Lamswood,Jere,association,1,1,Phasellus sit amet erat. Nulla tempus. Vivamus in felis eu sapien cursus vestibulum.
61,Denington,Alastair,groupe,1,1,Maecenas tristique est quam pharetra magna metus sapien ut nunc. Vestibulum ante ipsum primis in faucibus orci  Mauris viverra diam vitae quam. 
62,Lathey,Shaine,personne,1,1,Aenean lectus. Pellentesque eget nunc. Donec quis orci eget orci vehicula condimentum.
63,Pesak,Jeanna,association,1,1,Integer tincidunt ante vel ipsum. Praesent blandit lacinia erat. Vestibulum sed magna at nunc commodo placerat.
64,McKie,Heloise,salle de concert,1,1,Duis bibendum. Morbi non quam nec dui luctus rutrum. Nulla tellus.
65,Hornig,Stephani,salle de concert,1,1,
67,Fleckney,Laurence,groupe,1,1,Cum sociis natoque penatibus et magnis dis parturient montes
68,Hawe,Isaac,salle de concert,1,1,Duis bibendum. Morbi non quam nec dui luctus rutrum. Nulla tellus.
69,Petrasch,Minnnie,groupe,1,1,Integer tincidunt ante vel ipsum. Praesent blandit lacinia erat. Vestibulum sed magna at nunc commodo placerat.
70,Burnhill,Kingsly,groupe,1,1,Maecenas leo odio
71,Longmire,Enoch,personne,1,1,Duis aliquam convallis nunc. Proin at turpis a pede posuere nonummy. Integer non velit.
72,Feaster,Stanislaw,groupe,1,1,Morbi non lectus. Aliquam sit amet diam in magna bibendum imperdiet.
73,Cardnell,Yoshi,association,1,1,Duis bibendum felis sed interdum venenatis
74,Stendall,Gawen,association,1,1,Nullam porttitor lacus at turpis. Donec posuere metus vitae ipsum. Aliquam non mauris.
75,Hammonds,Jae,association,1,1,Morbi porttitor lorem id ligula. Suspendisse ornare consequat lectus.
76,Bigglestone,Almire,groupe,1,1,In congue. Etiam justo. 
77,Humerstone,Dmitri,groupe,1,1,Proin eu mi. Nulla ac enim. 
78,Sissens,Frannie,groupe,1,1,Nullam porttitor lacus at turpis. Donec posuere metus vitae ipsum. Aliquam non mauris.
79,Simanenko,Fidela,salle de concert,1,1,Lorem ipsum dolor sit amet consectetuer adipiscing elit. Proin risus. Praesent lectus.
80,Farherty,Alison,groupe,1,1,Phasellus sit amet erat. Nulla tempus. Vivamus in felis eu sapien cursus vestibulum.
81,Creech,Stern,salle de concert,1,1,Integer tincidunt ante vel ipsum. Praesent blandit lacinia erat. Vestibulum sed magna at nunc commodo placerat.
82,Trank,Casi,groupe,1,1,Quisque id justo sit amet sapien dignissim vestibulum. Vestibulum ante ipsum primis in faucibus orci luctus et ultrices posuere cubilia Curae.
83,Teager,Sibley,groupe,1,1,Nullam sit amet turpis elementum ligula vehicula consequat. Morbi a ipsum. Integer a nibh.
84,Ryle,Grange,groupe,1,1,Maecenas tristique est quam pharetra magna ac consequat metus sapien ut nunc. Vestibulum ante ipsum primis in faucibus orci luctus et ultrices posuere cubilia Curae.
85,Burrell,Christal,groupe,1,1,Morbi porttitor lorem id ligula. Suspendisse ornare consequat lectus. 
86,Bebis,Ginnie,association,1,1,Maecenas ut massa quis augue luctus tincidunt. Nulla mollis molestie lorem. Quisque ut erat.
87,Alexander,Eddi,association,1,1,Suspendisse potenti. In eleifend quam a odio. In hac habitasse platea dictumst.
88,O' Finan,Hube,groupe,1,1,Mauris enim leo.
89,Kemish,Welby,personne,1,1,Vestibulum quam sapien interdum in ante. Vestibulum ante ipsum primis in faucibus orci luctus et ultrices posuere cubilia Curae; Duis faucibus accumsan odio. Curabitur convallis.
90,Scandwright,Gert,personne,1,1,Duis aliquam convallis nunc. Proin at turpis a pede posuere nonummy. Integer non velit
91,Giorio,Harvey,groupe,1,1,In sagittis dui vel nisl. Duis ac nibh. 
92,Helleckas,Amery,groupe,1,1,Quisque id justo sit amet sapien dignissim vestibulum. Vestibulum ante ipsum primis in faucibus orci luctus et ultrices posuere cubilia Curae; Nulla dapibus dolor vel est. Donec odio justo eros.
93,Coopland,Dorey,groupe,1,1,Aenean fermentum. Donec ut mauris eget massa tempor convallis. Nulla neque libero eleifend luctusnibh.
94,Galley,Lauralee,groupe,1,1,Vestibulum ac est lacinia nisi venenatis tristique. Fusce congue diam id ornare imperdiet ut volutpat sapien arcu sed augue. Aliquam erat volutpat
95,St Ledger,Jessica,personne,1,1,Maecenas ut massa quis augue luctus tincidunt. Nulla mollis molestie lorem. Quisque ut erat.
96,Lantaff,Sherill,association,1,1,Donec diam neque.
97,Juarez,Glory,association,1,1,Praesent blandit. Nam nulla.
98,Caught,Colene,personne,1,1,Cum sociis natoque penatibus et magnis dis parturient 
99,Davidde,Norma,salle de concert,1,1,Duis aliquam convallis nunc. Proin at turpis a pede posuere nonummy. Integer non velit.
100,Polycote,Etheline,salle de concert,1,1,Morbi porttitor lorem id ligula. Suspendisse ornare consequat lectus. In est risus sem.
101,Frostick,Corabel,salle de concert,1,1,Lorem ipsum dolor sit amet consectetuer adipiscing elit. Proin risus. Praesent lectus.
102,Dolbey,Darda,association,1,1,Cras non velit nec nisi vulputate nonummy. Maece
103,Habberjam,Judd,association,1,1,Curabitur at ipsum ac tellus semper interdum. 
104,Shutte,Jilli,personne,1,1,In hac habitasse platea dictumst. Etiam faucibus cur
105,Andrei,Yolane,groupe,1,1,In hac habitasse platea dictumst. Etiam faucibus curs
106,Peggs,Rosalyn,association,1,1,Nullam porttitor lacus at turpis. Donec posuere
107,Perrett,Michell,association,1,1,Duis aliquam convallis nunc. Proin at turpis 
108,Songhurst,Bale,salle de concert,1,1,In congue. Etiam justo. Etiam pretium iac
109,Zanni,Kelcie,association,1,1,Integer ac leo. Pellentesque ultrices mattis odi
110,Manicomb,Hugues,salle de concert,1,1,In congue. Etiam justo. Etiam pretium iac
111,Flatt,Minnaminnie,association,1,1,Etiam vel augue. Vestibulum rutrum rutrum n
112,Dicey,Rose,personne,1,1,Proin leo odio consequat inconsequat.
113,Penwarden,Barclay,association,1,1,Morbi non lectus. Aliquam sit amet diam in 
114,O'Nowlan,Jesse,association,1,1,Maecenas ut massa quis augue luctus tincidunt. N
115,Lyne,Lottie,personne,1,1,Quisque id justo sit amet sapien dignissim vestibulum.
116,Allchin,Annalee,salle de concert,1,1,Vestibulum ac est lacinia nisi venenatis tri
117,Browncey,Elliot,association,1,1,Nullam porttitor lacus at turpis. Donec posuere
118,Huard,Maddy,association,1,1,In hac habitasse platea dictumst. Morbi vestibulum 
119,Izakoff,Elsi,association,1,1,Mauris enim leo vestibulum sit amet
120,Voss,Romeo,salle de concert,1,1,Curabitur in libero ut massa volutpat convallis.
121,Kegan,Sybyl,personne,1,1,Quisque id justo sit amet sapien dignissim vestibulum.
122,Macy,Mercie,salle de concert,1,1,In congue. Etiam justo. Etiam pretium iaculis
123,Cowen,Land,groupe,1,1,Praesent id massa id nisl venenatis lacinia. Aenean sit am
124,de Clercq,Chickie,personne,1,1,Morbi porttitor lorem id ligula. Suspendisse orna
125,Newall,Rabbi,personne,1,1,In congue. Etiam justo. Etiam pretium iaculis justo
126,Slocket,Xavier,association,1,1,Vestibulum quam sapien blandit non.
127,Noir,Odelinda,personne,1,1,Quisque id justo sit amet sapien dignissim vestibulu
128,Kruschev,Alix,personne,1,1,Maecenas leo odio luctus nec molest
129,Bardill,Denyse,salle de concert,1,1,In quis justo. Maecenas rhoncus aliquam lac
130,Bacup,Rosabella,salle de concert,1,1,Curabitur gravida nisi at nibh. In hac habi
131,Furbank,Conroy,personne,1,1,Vestibulum ac est lacinia nisi venenatis tristique. 
132,Crecy,Turner,association,1,1,Quisque id justo sit amet sapien dignissim vestibu
133,Dameti,Edgardo,personne,1,1,Duis bibendum. Morbi non quam nec dui luctus rutru
134,Pescod,Maryl,salle de concert,1,1,Cras mi pede imperdiet et comm
135,Bittany,Lorianna,personne,1,1,Curabitur at ipsum ac tellus semper interdum. Maur
136,Postance,Shamus,groupe,1,1,Proin interdum mauris non ligula pellentesque ultric
137,Coronas,Pinchas,personne,1,1,Fusce posuere felis sed lacus. Morbi sem mauris.
138,Paty,Daisi,salle de concert,1,1,Curabitur gravida nisi at nibh.
139,Holme,Darb,personne,1,1,Aliquam quis turpis eget elit sodales scelerisque. Mauri
140,Godwins,Gladys,association,1,1,Praesent blandit. Nam nulla. Integer pede justo
141,Drohane,Aksel,groupe,1,1,Maecenas ut massa quis augue luctus tincidunt. Nulla m
142,Feasey,Adelbert,personne,1,1,Vestibulum quam sapien blandit non.
143,Saffri,Saidee,salle de concert,1,1,Vestibulum quam sapien varius ut.
144,Dies,Francene,personne,1,1,Quisque porta volutpat erat. Quisque erat eros.
145,Morcomb,Andy,groupe,1,1,Fusce consequat. Nulla nisl. Nunc nisl
146,Mapes,Ashly,groupe,1,1,Praesent blandit. Nam nulla. Integer pede justo
147,Watterson,Ursala,association,1,1,Quisque id justo sit amet sapien dignissim ves
148,Aseef,Baudoin,salle de concert,1,1,Integer tincidunt ante vel ipsum. Praesent b
149,Lawman,Sadye,personne,1,1,Praesent id massa id nisl venenatis lacinia. Aenean si
150,Crossman,Abbie,association,1,1,Cum sociis natoque penatibus et magnis dis part
151,Loosley,Eb,salle de concert,1,1,Duis bibendum felis sed interdum venenatis
152,Chislett,Carissa,groupe,1,1,Mauris enim leo vestibulum sit amet
153,Coppeard,Elliott,groupe,1,1,Nullam porttitor lacus at turpis. Donec posuere metu
154,Delyth,Danya,association,1,1,Maecenas ut massa quis augue luctus tincidunt. Null
155,Chalice,Chester,groupe,1,1,Suspendisse potenti. In eleifend quam a odio. In ha
156,Ferrierio,Humfrid,groupe,1,1,Nullam porttitor lacus at turpis. Donec posuere met
157,Cuppleditch,Henka,association,1,1,Maecenas tristique
158,Pether,Giffie,association,1,1,Aenean lectus. Pellentesque eget nunc. Donec quis
159,Troth,Byran,groupe,1,1,Fusce posuere felis sed lacus. Morbi sem mauris
160,Starten,Nelle,personne,1,1,Cras mi pede  commodo vu
161,Brownsell,Artemis,personne,1,1,Pellentesque at nulla. Suspendisse potenti. Cr
162,Godsell,Amerigo,personne,1,1,Proin leo odio consequat inconse
163,Syrad,Barrie,association,1,1,Fusce consequat. Nulla nisl. Nunc nisl.
164,McChruite,Regan,salle de concert,1,1,Cras mi pede malesuada in imperdiet et
165,Markovich,Andriana,association,1,1,Etiam vel augue. Vestibulum rutrum rutrum 
166,Cescoti,Karney,association,1,1,Aenean lectus. Pellentesque eget nunc. Donec q
167,Treleaven,Maxi,association,1,1,Nullam sit amet turpis elementum ligula vehicu
168,Farfull,Dannie,groupe,1,1,Duis bibendum. Morbi non quam nec dui luctus rutrum
169,Silverwood,Clarisse,association,1,1,In sagittis dui vel nisl. Duis ac nibh. F
170,Pledge,Gus,groupe,1,1,Morbi non lectus. Aliquam sit amet diam in magna bibendu
171,Jertz,Bethany,salle de concert,1,1,Mauris enim leo vestibulum s
172,Demonge,Meyer,association,1,1,Lorem ipsum dolor sit amet consectetuer adipis
173,Orgill,Bogart,personne,1,1,Aenean lectus. Pellentesque eget nunc. Donec quis 
174,Toombes,Georgia,salle de concert,1,1,Aliquam quis turpis eget elit sodales sc
175,Yakubov,Eryn,association,1,1,In quis justo. Maecenas rhoncus aliquam lacus. M
176,Mulgrew,Alvan,salle de concert,1,1,In quis justo. Maecenas rhoncus aliquam lac
177,Banbrick,Alasteir,groupe,1,1,Proin interdum mauris non ligula pellentesque u
178,Danielir,Thekla,salle de concert,1,1,Curabitur gravida nisi at nibh. In hac h
179,Luxtonne,Dorris,salle de concert,1,1,In congue. Etiam justo. Etiam pretium iacul
180,Langmaid,Holt,association,1,1,Proin interdum mauris non ligula pellentesque u
181,McAughtri,Pierette,association,1,1,Duis bibendum. Morbi non quam nec dui luct
182,Davidwitz,Joelie,salle de concert,1,1,Etiam vel augue. Vestibulum rutrum rutr
183,Dedney,Earlie,salle de concert,1,1,Proin leo odio consequat in
184,Buntin,Marguerite,association,1,1,Sed sagittis. Nam congue risus semper por
185,Picker,Jana,groupe,1,1,Nulla ut erat id mauris vulputate elementum. Nul
186,Lebell,Andy,groupe,1,1,Cum sociis natoque penatibus et magnis dis parturient 
187,Whitmell,Olwen,salle de concer,1,1,Maecenas leo odio condimentum id.
188,Sewall,Brendan,personne,1,1,Cras non velit nec nisi vulputate nonummy. Maecen
189,Piff,Ted,association,1,1,Donec diam neque vulputate ult
190,Badsworth,Lazarus,groupe,1,1,Quisque id justo sit amet sapien dignissim vesti
191,Guisot,Lorilyn,association,1,1,Maecenas ut massa quis augue luctus tincidunt.
192,Boxe,Lidia,salle de concert,1,1,Duis aliquam convallis nunc. Proin at turpis 
193,Wray,Livvy,association,1,1,Aenean lectus. Pellentesque eget nunc. Donec quis 
194,Normabell,Seka,association,1,1,Lorem ipsum dolor sit amet consectetuer adipis
195,Seif,Towy,association,1,1,Lorem ipsum dolor sit amet consectetuer adipiscing 
196,Carcas,Germana,association,1,1,Morbi porttitor lorem id ligula. Suspendisse o
197,De Freitas,Claudia,personne,1,1,Quisque id justo sit amet sapien dignissim ve
198,Butterry,Starer,association,1,1,Phasellus sit amet erat. Nulla tempus. Vivamu
199,Scuffham,Stacee,personne,1,1,Pellentesque at nulla. Suspendisse potenti. Cras
200,Sheen,Charo,personne,1,1,Maecenas tristique est quam pha